{"500":{"5":{"gains":[2.1256339513741787,2.1747076617657823,2.2237813721573865,2.27285508254899,2.321928792940594,2.371002503332198,2.4200762137238017,2.4691499241154053,2.5182236345070095,2.567297344898613],"costs":[4.6279774945859105,4.635489438299665,4.64300138201342,4.650513325727175,4.658025269440929,4.665537213154685,4.673049156868439,4.680561100582194,4.688073044295949,4.695584988009704],"prob":[[0.0009,0.0005,0.0003,0.0,0.0,0.0,0.0,0.0,0.0,0.0],[0.002,0.0054,0.0019,0.0005,0.0001,0.0,0.0,0.0,0.0,0.0],[0.0002,0.0107,0.0335,0.0073,0.0018,0.0001,0.0,0.0,0.0,0.0],[0.0,0.0014,0.0446,0.0873,0.0141,0.0007,0.0,0.0,0.0,0.0],[0.0,0.0,0.0051,0.0954,0.1552,0.0201,0.0002,0.0,0.0,0.0],[0.0,0.0,0.0004,0.0072,0.0911,0.1598,0.0155,0.0007,0.0,0.0],[0.0,0.0,0.0001,0.0007,0.0067,0.0652,0.0878,0.0044,0.0,0.0],[0.0,0.0,0.0,0.0,0.0004,0.0043,0.0247,0.0261,0.0012,0.0],[0.0,0.0,0.0,0.0,0.0,0.0001,0.0012,0.0049,0.0063,0.0],[0.0,0.0,0.0,0.0,0.0,0.0,0.0,0.0004,0.0008,0.0007]]},"4":{"gains":[1.7274770826086898,1.7802622500887346,1.8330474175687794,1.8858325850488242,1.938617752528869,1.9914029200089136,2.0441880874889584,2.0969732549690034,2.149758422449048,2.2025435899290926],"costs":[5.474425674352804,5.5529258228584855,5.631425971364168,5.70992611986985,5.788426268375532,5.866926416881214,5.945426565386896,6.023926713892578,6.102426862398261,6.180927010903942],"prob":[[0.0,0.0001,0.0004,0.0003,0.001,0.0007,0.0007,0.0,0.0,0.0],[0.0,0.0001,0.0022,0.0039,0.006,0.0045,0.0013,0.0007,0.0,0.0],[0.0001,0.0011,0.0048,0.0155,0.0293,0.0275,0.0135,0.0029,0.0005,0.0],[0.0001,0.0006,0.0069,0.0254,0.0602,0.0674,0.039,0.0111,0.0031,0.0001],[0.0,0.0007,0.0045,0.0252,0.0652,0.0867,0.0662,0.0258,0.0058,0.0005],[0.0001,0.0004,0.0029,0.0159,0.0468,0.0687,0.0625,0.0267,0.0065,0.0008],[0.0,0.0001,0.0014,0.0082,0.0188,0.0321,0.0326,0.0164,0.005,0.0007],[0.0,0.0,0.0001,0.002,0.0045,0.0093,0.0104,0.0062,0.0021,0.0003],[0.0,0.0,0.0,0.0005,0.0012,0.0016,0.0015,0.0011,0.0002,0.0],[0.0,0.0,0.0,0.0,0.0,0.0002,0.0005,0.0001,0.0,0.0]]},"2":{"gains":[0.06835266804545068,0.18856263929883757,0.30877261055222444,0.42898258180561133,0.5491925530589982,0.669402524312385,0.789612495565772,0.9098224668191588,1.0300324380725456,1.1502424093259325],"costs":[-3.916044527873984,-2.892045096781638,-1.868045665689292,-0.8440462345969462,0.17995319649539968,1.2039526275877455,2.2279520586800916,3.2519514897724373,4.2759509208647835,5.299950351957129],"prob":[[0.0,0.0001,0.0,0.0,0.0,0.0,0.0,0.0,0.0,0.0],[0.0,0.0,0.0,0.0,0.0,0.0,0.0,0.0,0.0,0.0],[0.0,0.0,0.0,0.0,0.0,0.0001,0.0,0.0,0.0,0.0],[0.0,0.0,0.0,0.0,0.0,0.0,0.0,0.0,0.0,0.0],[0.0,0.0,0.0,0.0,0.0,0.0,0.0,0.0,0.0,0.0],[0.0,0.0,0.0,0.0,0.0001,0.0001,0.0,0.0,0.0,0.0],[0.0,0.0,0.0,0.0001,0.0,0.0,0.0001,0.0,0.0001,0.0],[0.0,0.0,0.0002,0.0,0.0004,0.001,0.0008,0.0006,0.0001,0.0],[0.0,0.0002,0.0009,0.0036,0.0212,0.0997,0.2964,0.2916,0.0769,0.0053],[0.0007,0.0011,0.0021,0.0035,0.0064,0.0147,0.0335,0.0754,0.0538,0.0092]]},"3":{"gains":[0.09526073193664633,0.22804841887863828,0.36083610582063025,0.4936237927626222,0.6264114797046142,0.7591991666466061,0.8919868535885981,1.02477454053059,1.1575622274725819,1.2903499144145738],"costs":[-1.721764326662478,-0.9459970447515871,-0.17022976284069613,0.6055375190701948,1.3813048009810858,2.1570720828919767,2.9328393648028674,3.708606646713758,4.484373928624649,5.26014121053554],"prob":[[0.0001,0.0,0.0,0.0,0.0,0.0,0.0,0.0,0.0,0.0],[0.0,0.0,0.0,0.0,0.0,0.0,0.0,0.0,0.0,0.0],[0.0,0.0,0.0,0.0,0.0,0.0,0.0,0.0,0.0001,0.0],[0.0,0.0,0.0001,0.0,0.0,0.0,0.0,0.0,0.0,0.0],[0.0,0.0,0.0,0.0001,0.0,0.0,0.0,0.0,0.0,0.0],[0.0,0.0,0.0,0.0,0.0,0.0001,0.0001,0.0001,0.0,0.0],[0.0,0.0,0.0001,0.0002,0.0,0.0003,0.0003,0.0002,0.0,0.0],[0.0,0.0,0.0001,0.0,0.0002,0.0016,0.0032,0.0021,0.0012,0.0001],[0.0002,0.0004,0.0005,0.0027,0.012,0.0759,0.2857,0.4125,0.1743,0.0187],[0.0002,0.0015,0.0013,0.0016,0.0018,0.0003,0.0001,0.0,0.0,0.0]]},"1":{"gains":[1.6795374285496711,1.7354154769367502,1.7912935253238293,1.8471715737109082,1.9030496220979873,1.9589276704850664,2.0148057188721453,2.0706837672592244,2.1265618156463035,2.1824398640333826],"costs":[10.471326358221026,10.478434620760936,10.485542883300846,10.492651145840757,10.499759408380667,10.50686767092058,10.51397593346049,10.5210841960004,10.52819245854031,10.53530072108022],"prob":[[0.0,0.0001,0.0002,0.0001,0.0002,0.0,0.0,0.0,0.0,0.0],[0.0,0.0,0.0,0.0003,0.0004,0.0005,0.0001,0.0,0.0,0.0],[0.0,0.0003,0.0006,0.0008,0.0021,0.0011,0.0002,0.0001,0.0,0.0],[0.0001,0.0003,0.002,0.0064,0.0091,0.0073,0.0037,0.0009,0.0002,0.0001],[0.0002,0.0026,0.014,0.0353,0.0479,0.04,0.0216,0.0047,0.0008,0.0001],[0.001,0.0084,0.0339,0.1028,0.1598,0.1422,0.0783,0.0237,0.0057,0.001],[0.0002,0.0028,0.0111,0.0348,0.0523,0.0529,0.0299,0.0101,0.0018,0.0004],[0.0,0.0005,0.0021,0.0064,0.0107,0.0087,0.0038,0.0016,0.0,0.0001],[0.0,0.0001,0.0004,0.0004,0.002,0.0026,0.0009,0.0002,0.0,0.0],[0.0,0.0,0.0,0.0002,0.0008,0.0003,0.0006,0.0,0.0001,0.0]]}}}